timestamp,emg1,emg2,emg3,emg4,emg5,emg6,emg7,emg8
1558441609149730,-2,-3,-13,-8,-2,-1,-1,-3
1558441609149730,-2,-3,-5,1,-3,-1,0,-1
1558441609150727,-2,0,3,2,4,-1,2,1
1558441609150727,0,1,-3,-3,-4,-1,-2,-2
1558441609150727,0,1,5,3,-1,0,0,0
1558441609150727,0,-1,-4,-3,-4,0,-2,-3
1558441609155713,-2,-3,-5,-7,-7,3,-7,-5
1558441609155713,4,2,0,0,0,-5,1,0
1558441609156711,-9,-4,0,3,4,-7,4,1
1558441609156711,-3,-2,0,1,-3,-3,-3,-2
1558441609163692,0,-1,-2,-1,-4,2,-4,-2
1558441609163692,-1,-2,-4,-2,-2,7,-3,-3
1558441609170674,1,1,2,0,-3,-5,-4,0
1558441609170674,1,-1,-1,-1,5,3,2,2
1558441609185633,-2,-5,-2,-4,-7,-14,-8,-4
1558441609185633,-1,1,-1,0,1,4,1,0
1558441609201591,-2,0,1,0,5,-2,4,0
1558441609201591,-3,-1,0,-1,1,-4,-4,-1
1558441609204583,2,2,-3,0,1,4,0,-1
1558441609204583,-2,-2,-4,-5,-9,-10,-3,-2
1558441609215554,2,1,5,1,-2,-4,0,-1
1558441609215554,1,-1,-3,-3,-3,-2,1,2
1558441609223532,-1,0,5,1,2,6,-1,0
1558441609223532,-4,-2,-3,-3,-2,1,-3,-3
1558441609270407,-1,1,5,3,1,-8,1,1
1558441609270407,-1,-2,-7,-5,-3,1,-3,-1
1558441609270407,-3,-3,-8,-4,-7,-5,-3,-1
1558441609270407,-3,-2,2,1,-1,3,-2,-3
1558441609271404,-2,-6,-2,-3,-2,-8,-3,-3
1558441609271404,3,2,3,0,3,-5,2,2
1558441609274399,-2,1,1,3,1,7,-2,-1
1558441609274399,1,-2,3,-2,-5,-6,-3,1
1558441609283372,1,1,-3,-3,-1,5,0,-2
1558441609283372,-3,-2,3,3,1,4,0,-2
1558441609289356,1,1,2,-2,3,-11,0,2
1558441609289356,1,0,-2,-1,8,11,7,-1
1558441609322269,0,1,-1,-1,-4,-7,-4,-2
1558441609322269,0,-1,-4,-2,-4,-1,-2,-1
1558441609323267,-3,-2,-2,-5,-7,1,-6,-4
1558441609323267,-2,-2,-4,-2,-6,-6,-7,-2
1558441609327255,-1,-2,0,3,6,-3,2,4
1558441609327255,-1,-1,1,1,1,-6,-3,0
1558441609328253,-1,-2,2,3,8,13,7,0
1558441609328253,0,2,-5,-4,-4,-6,-3,-2
1558441609343213,-1,-4,-2,-2,-3,7,0,0
1558441609343213,-2,-4,-2,-4,-8,-5,-6,-5
1558441609349197,1,0,0,-3,-4,-7,-2,-1
1558441609349197,-4,0,-1,2,0,-8,-1,-1
1558441609365157,0,3,-1,-1,-3,0,2,1
1558441609365157,-1,0,-2,-3,3,5,0,2
1558441609372135,0,-2,-1,2,0,3,0,-1
1558441609372135,0,-1,4,-3,1,2,-1,0
1558441609381110,-2,-1,1,2,-1,-5,-3,-1
1558441609381110,2,0,-1,0,0,0,0,-1
1558441609387094,-2,-1,-4,-4,-4,-6,-2,0
1558441609387094,-1,-1,-1,-1,-4,-3,-5,-2
1558441609403052,-2,-4,-3,-1,-6,-5,-4,-2
1558441609403052,1,-1,-1,0,4,8,5,0
1558441609409035,-2,-1,1,-1,1,0,-1,-3
1558441609409035,0,-3,-2,0,-1,2,3,0
1558441609418012,-3,-3,-4,-2,-1,11,-2,-2
1558441609418012,0,-1,2,-1,-6,-13,-1,0
1558441609431974,0,-1,0,-2,2,-12,-2,0
1558441609431974,-2,-1,0,0,-2,5,-2,-2
1558441609440951,-1,0,-3,-4,-2,-1,-2,-2
1558441609440951,-1,-2,-3,0,0,7,1,-2
1558441609446935,0,0,0,0,-6,-16,0,0
1558441609446935,-2,-3,-3,-3,-2,-8,-3,-1
1558441609462891,1,0,3,2,8,14,6,2
1558441609462891,-4,-2,-1,1,1,0,-5,-3
1558441609468875,1,-2,-1,-5,-6,3,-3,-4
1558441609468875,-2,-4,-5,-1,-7,-7,-6,-3
1558441609477852,0,-2,-2,-3,-6,-5,2,-1
1558441609477852,0,2,4,0,6,-4,1,2
1558441609491815,-1,-1,-4,1,0,3,-2,-1
1558441609491815,-2,-1,3,-1,2,6,4,1
1558441609500791,-1,-4,-6,-1,2,3,2,-1
1558441609500791,-2,-1,-1,-4,0,-2,3,1
1558441609506777,-2,3,-2,0,1,-2,-4,-1
1558441609506777,-1,-2,-7,-6,-6,1,-5,-3
1558441609522733,-2,-1,-2,1,-1,-3,-2,-2
1558441609522733,0,3,4,1,2,-9,0,1
1558441609529714,0,-1,3,1,-4,-9,2,0
1558441609529714,0,1,1,1,9,8,5,2
1558441609537692,0,1,-2,-4,-9,-5,-9,-4
1558441609537692,0,-2,-4,-3,-8,-3,-6,-3
1558441609551655,3,3,3,1,7,16,7,3
1558441609551655,-5,-6,-2,0,-5,-7,-4,-2
1558441609560631,-1,-1,-3,-3,-3,1,-6,-4
1558441609560631,-3,-3,0,1,2,-2,4,1
1558441609574594,2,1,-1,-3,-2,-10,-2,1
1558441609574594,3,1,2,-1,0,-5,-1,1
1558441609583570,-2,2,1,1,0,-2,-4,-2
1558441609583570,0,-1,-5,-3,-6,5,-3,-3
1558441609589554,-3,-8,-3,-2,-4,4,-3,-2
1558441609589554,3,1,0,2,6,3,3,2
1558441609598530,-1,0,3,-1,1,-5,-3,0
1558441609598530,1,1,1,0,-3,-15,-1,0
1558441609611494,-3,-3,-6,-2,0,1,0,-1
1558441609611494,0,1,0,1,2,14,5,0
1558441609620471,0,0,3,-3,-6,-9,-2,-2
1558441609620471,-1,-1,-6,-2,0,4,-4,-2
1558441609634434,0,1,-1,-1,1,8,0,-1
1558441609634434,-2,-3,-1,-3,-3,-3,-3,-3
1558441609643410,-2,-3,0,-1,0,4,5,0
1558441609643410,-5,-2,-2,-1,-3,-3,-3,-2
1558441609649396,0,-2,1,0,-2,-11,0,1
1558441609649396,2,1,2,-1,1,-10,0,2
1558441609664353,0,-2,-2,-1,5,6,1,0
1558441609664353,-2,-1,-2,-2,-4,6,-3,-3
1558441609671335,0,0,-2,-2,-1,1,-1,-2
1558441609671335,-3,-2,-5,-6,-13,-14,-7,-5
1558441609680311,1,1,0,0,-1,-1,1,0
1558441609680311,2,1,5,3,11,3,6,5
1558441609694274,-2,-2,1,-1,-2,3,-1,-3
1558441609694274,-1,0,-1,1,3,6,1,1
1558441609703248,-2,-2,-5,-3,-2,0,-4,-5
1558441609703248,-2,-2,-1,0,-4,5,1,-3
1558441609718209,-1,0,-2,-2,-2,-13,-1,-1
1558441609718209,-1,-2,2,-1,3,4,0,-1
1558441609725191,-5,-6,-6,-3,-5,-6,-2,-1
1558441609725191,2,2,0,-3,-2,-8,-5,-3
1558441609732427,-4,-1,1,1,2,8,1,1
1558441609732427,-3,0,-4,-2,-2,-5,0,-2
1558441609740150,2,4,3,3,9,2,7,4
1558441609740150,1,-1,-1,0,3,3,0,1
1558441609771068,1,-2,3,0,-8,-3,-7,-3
1558441609771068,-12,-12,-10,-6,-4,4,-4,-4
1558441609773062,3,1,0,1,2,-10,1,0
1558441609773062,0,-1,1,-1,-5,-4,-4,-2
1558441609773062,-2,-1,-1,-3,-1,7,-2,-4
1558441609773062,3,0,-4,1,2,1,2,-1
1558441609786028,-6,-5,-7,-7,-11,-8,-9,-6
1558441609786028,-4,-2,0,-1,-5,-5,-2,-2
1558441609792013,-2,0,-1,0,7,2,2,2
1558441609792013,3,5,6,1,-3,-1,0,-1
1558441609800989,-1,-1,-2,-2,0,0,0,-1
1558441609800989,1,-1,-2,-2,-2,1,-2,-5
1558441609814951,-2,-3,-1,-2,-8,3,-2,-4
1558441609814951,4,3,4,1,10,-6,7,4
1558441609822929,-2,2,7,2,6,-6,5,3
1558441609822929,-2,-1,-1,-2,-1,9,0,0
1558441609828913,-3,0,-2,-1,0,2,-3,-3
1558441609828913,1,-1,0,-1,-11,-7,-7,-3
1558441609845867,2,0,-3,0,-4,-2,-2,0
1558441609845867,-5,-4,0,-1,-6,-15,-3,-1
1558441609851852,2,1,2,1,10,12,4,0
1558441609851852,-1,-2,-9,-2,2,7,2,1
1558441609867809,0,0,1,-2,-3,-4,-2,-1
1558441609867809,2,4,-3,-1,1,8,2,0
1558441609873794,-4,-6,-4,-1,4,0,4,0
1558441609873794,-1,-1,1,-2,-6,-4,-4,-3
1558441609882769,0,-2,0,-3,-4,4,-4,-3
1558441609882769,3,1,1,-1,-1,-10,-2,2
1558441609889750,0,0,-1,0,0,-6,-2,0
1558441609889750,-2,-2,4,2,-4,-4,-1,0
1558441609905708,-1,0,-6,-4,-1,3,0,1
1558441609905708,-1,-1,3,2,6,11,4,1
1558441609911691,-1,1,-5,0,-2,-11,-3,1
1558441609911691,0,3,1,1,4,5,1,0
1558441609920668,-3,-3,-1,-2,-6,3,-5,-3
1558441609920668,-5,-6,-7,-3,-5,-1,-6,-5
1558441609934629,-4,-5,-2,-2,-6,-10,-6,-5
1558441609934629,1,-1,-2,-2,4,1,-1,-2
1558441609943607,0,3,1,-1,-3,-13,-1,-2
1558441609943607,-1,-2,-1,0,1,3,3,-1
1558441609949590,-1,-1,0,-2,-2,3,-4,-2
1558441609949590,0,0,4,2,0,4,2,-1
1558441609965548,2,2,5,3,8,4,7,3
1558441609965548,-2,-6,-12,-6,-7,-18,-2,-3
1558441609971532,2,2,-1,-2,1,1,-1,0
1558441609971532,-2,0,-5,-3,-1,5,-1,-2
1558441609980508,-1,-1,2,3,0,-6,-5,-4
1558441609980508,-1,2,2,2,0,5,-2,0
1558441609994471,0,5,-1,-1,-6,-11,0,1
1558441609994471,-3,-5,0,1,4,0,1,0
1558441610003447,-4,-2,-4,0,1,1,1,0
1558441610003447,-2,-2,1,-1,-1,-1,-1,-1
1558441610009430,1,-1,2,-2,-8,0,-6,-3
1558441610009430,3,5,2,-4,-6,-8,-5,-1
1558441610024389,-1,-2,-4,0,12,18,7,4
1558441610024389,-5,0,3,1,0,-4,-1,0
1558441610031372,-2,-2,-7,-3,-6,-5,-2,-2
1558441610031372,-1,-2,3,-3,-4,-1,-5,-3
1558441610040347,-1,-2,-2,-4,-8,-5,-4,-5
1558441610040347,1,1,0,1,7,10,3,0
1558441610054310,0,-2,1,0,-2,-1,-1,-2
1558441610054310,-2,-1,-10,-4,-3,-9,-6,-5
1558441610063286,-4,-3,-2,-4,-8,2,-3,-3
1558441610063286,1,-3,-3,-2,-6,-10,-1,-2
1558441610069270,-1,-3,-1,-1,3,3,1,0
1558441610069270,-3,-3,-1,1,4,8,2,-1
1558441610084230,-2,0,1,-2,-3,-8,-2,-1
1558441610084230,-2,1,2,0,-1,3,-2,-2
1558441610092208,-2,0,-2,-2,5,7,1,0
1558441610092208,-2,-2,-3,1,-2,-12,-1,1
1558441610100193,1,-2,2,0,6,4,-5,0
1558441610100193,0,-2,0,-1,-5,-13,-4,-2
1558441610114149,0,-1,0,-3,-1,-3,1,-1
1558441610114149,-4,-2,0,0,0,4,-1,-2
1558441610123138,0,1,-4,-4,-7,-4,-7,-2
1558441610123138,-6,-4,3,2,3,2,-3,-3
1558441610129110,0,-1,-2,1,3,3,11,1
1558441610129110,2,1,1,0,-1,-14,1,-1
1558441610144070,1,1,0,0,0,3,3,1
1558441610144070,1,0,-1,-4,-7,-7,-4,0
1558441610152048,-5,-4,-2,-1,1,7,-4,-1
1558441610152048,-5,-6,-3,-4,-7,-6,-4,-3
1558441610161024,2,0,4,1,0,3,1,0
1558441610161024,1,0,1,-1,-2,-5,-3,-2
1558441610173989,0,-1,0,0,0,2,-4,-1
1558441610173989,1,0,-2,-1,1,-2,1,1
1558441610182966,-1,-2,0,0,0,9,0,-1
1558441610182966,2,0,-4,1,4,-4,1,1
1558441610188949,0,0,0,-1,-5,-18,-3,0
1558441610188949,-2,-2,-1,-1,-2,4,-2,-2
1558441610205904,-4,-3,-4,-3,-4,2,-4,-2
1558441610205904,-1,-3,-4,-3,-5,5,-2,-3
1558441610211888,1,0,2,2,-2,-4,-1,-1
1558441610211888,4,5,4,3,7,-2,4,4
1558441610220865,-12,-10,-1,-3,-3,-6,-2,0
1558441610220865,-1,-1,-2,0,0,3,-1,0
1558441610233832,-2,-2,-1,-2,-4,0,-4,-2
1558441610233832,2,-1,1,-1,-5,5,-1,-2
1558441610242806,-1,-4,-5,-3,-7,-1,-3,-2
1558441610242806,-2,-1,-1,-3,0,-6,1,1
1558441610256768,-2,-2,2,-1,4,-2,2,0
1558441610256768,-2,-1,-3,-1,-1,9,2,-4
1558441610265746,2,2,1,0,5,0,3,1
1558441610265746,-2,-3,-3,-3,-4,-3,-2,-1
1558441610280703,1,-1,-3,-1,-4,-9,-2,-1
1558441610280703,-3,-3,2,-2,0,-2,-1,-2
1558441610281702,0,-1,-3,-1,-1,-4,-2,-2
1558441610281702,2,1,-2,2,9,5,5,-1
1558441610294667,-1,0,5,0,1,0,0,-2
1558441610294667,-3,-2,-7,-5,-2,-1,-3,-1
1558441610303643,0,0,-3,-1,-3,-5,-3,-2
1558441610303643,-2,-4,-3,-3,-6,1,-2,-2
1558441610316609,0,0,2,0,-2,-3,-5,-1
1558441610316609,-1,-1,4,1,-3,-3,-2,2
1558441610325584,1,2,-3,-1,5,1,3,1
1558441610325584,5,5,-1,0,2,-1,-1,0
1558441610340544,-12,-8,-6,-3,-4,3,-3,-4
1558441610340544,-1,0,-2,2,0,11,0,0
1558441610341541,1,0,4,3,0,-22,2,3
1558441610341541,-1,0,1,1,3,3,2,0
1558441610354507,-1,-1,1,1,2,7,0,-1
1558441610354507,1,3,-1,-2,-3,-3,-2,-2
1558441610370464,-1,-5,-5,-5,-11,-4,-6,-3
1558441610370464,-3,-4,1,1,6,2,6,1
1558441610376449,1,1,3,-1,0,6,1,0
1558441610376449,-4,-2,-1,-1,-2,-9,-3,-2
1558441610385424,3,3,1,1,3,4,-2,-2
1558441610385424,-4,0,0,-3,-6,-4,-8,-5
1558441610400402,-1,-2,-1,-2,-8,-2,-5,-3
1558441610400402,0,-2,-10,-4,-5,-5,1,1
1558441610402381,-2,-6,0,1,2,3,5,2
1558441610402381,-1,-1,-4,-2,3,5,2,0
1558441610423327,2,2,1,3,8,7,5,2
1558441610423327,0,-3,-2,-4,-7,-7,-9,-2
1558441610424323,2,2,0,-2,-1,-10,-5,-2
1558441610424323,-10,-6,-3,0,2,8,2,-1
1558441610437288,0,-2,-4,-3,-5,-4,-5,-1
1558441610437288,-2,-4,-2,-3,-3,1,-3,-3
1558441610445355,1,4,6,2,6,0,4,1
1558441610445355,2,3,-5,0,1,4,2,0
1558441610461268,-2,0,4,0,4,2,1,-2
1558441610461268,-3,-5,-8,-4,-8,-3,-3,-4
1558441610462225,-1,1,-2,-1,-7,-1,-5,-4
1558441610462225,1,-4,3,0,1,0,-1,-1
1558441610474220,0,-4,-5,-3,-7,-8,-3,0
1558441610474220,3,1,1,0,2,-1,5,1
1558441610483164,0,1,1,1,3,8,4,0
1558441610483164,2,3,-5,-1,-6,-16,-5,-1
1558441610497128,-3,-4,-6,-3,0,-2,-1,-2
1558441610497128,-5,0,6,0,3,3,-2,-1
1558441610506103,-1,-3,-6,-4,-6,-8,-7,-2
1558441610506103,1,0,1,-1,2,8,2,0
1558441610521062,1,0,-1,-3,0,3,0,-2
1558441610521062,0,0,3,1,0,-10,-1,1
1558441610522059,-11,-8,-2,2,3,8,2,-1
1558441610522059,-2,-2,-1,-5,-8,-5,-4,-3
1558441610535026,0,1,-2,2,2,1,3,-2
1558441610535026,1,-1,0,-1,3,10,1,-1
1558441610543002,2,0,3,0,-2,-2,-3,0
1558441610543002,-1,-2,-2,-3,-4,-2,-4,-2
1558441610556965,-3,0,-2,-4,-8,-6,-5,-4
1558441610556965,-2,0,-1,0,5,4,2,-1
1558441610565943,-1,1,-4,-1,-6,0,1,-1
1558441610565943,0,-3,-4,-1,0,-7,-2,-1
1558441610580901,-2,-1,1,1,2,-15,2,2
1558441610580901,-1,-1,1,1,2,-1,-1,-1
1558441610582897,0,-1,-1,-3,-3,2,-6,-4
1558441610582897,0,0,6,1,-7,1,-5,-4
1558441610602842,0,-3,-12,-6,3,6,3,3
1558441610602842,-2,-1,-2,1,0,-4,-3,2
1558441610604837,-3,-3,-4,-2,-4,-3,3,0
1558441610604837,3,3,4,0,5,3,6,1
1558441610616806,-2,-1,3,3,-8,-8,-7,-2
1558441610616806,1,1,1,-1,0,-3,2,0
1558441610625781,-3,-3,-2,-3,-3,1,-2,-1
1558441610625781,-1,-2,2,-1,-3,-11,-8,-3
1558441610640740,2,-1,-5,-4,-1,2,-1,-3
1558441610640740,-2,-3,-2,-1,-4,-10,-3,-2
1558441610641738,3,4,6,4,10,16,4,1
1558441610641738,-4,-4,-9,-4,-7,-8,-1,0
1558441610653706,0,1,5,1,4,-11,-1,2
1558441610653706,3,3,-2,-2,0,-1,0,-1
1558441610662682,-2,-4,-1,-5,-2,2,1,-2
1558441610662682,-3,-3,-3,-4,-5,6,-1,-1
1558441610676644,0,-1,-2,-1,0,-2,0,0
1558441610676644,-1,-2,4,-1,-1,-2,-4,1
1558441610685620,0,1,-3,0,-5,-12,-6,-3
1558441610685620,-2,-1,-1,-3,1,5,-3,-2
1558441610700581,-5,-2,-2,-2,-4,9,0,0
1558441610700581,2,-3,-4,1,8,13,7,1
1558441610701578,-8,-5,-2,0,0,-20,-3,0
1558441610701578,2,-2,0,0,-1,-1,0,0
1558441610714543,-1,-2,3,-1,-5,-1,-2,-4
1558441610714543,-1,-2,-4,-2,-5,-3,-4,-4
1558441610723519,3,1,-6,-3,-2,7,-4,0
1558441610723519,-4,-3,1,1,-4,-2,0,-2
1558441610736484,-2,0,0,-2,-2,6,-2,-2
1558441610736484,-3,-1,-1,-5,-1,3,0,-4
1558441610745461,-1,0,1,0,4,-8,5,1
1558441610745461,1,2,5,2,4,-11,0,3
1558441610760479,0,2,-5,-1,-1,5,0,0
1558441610760479,-2,-7,3,0,-3,-5,-4,-1
1558441610762450,-1,-3,-8,-6,-5,10,-4,-5
1558441610762450,-2,0,-1,-3,-2,3,-3,-2
1558441610774384,0,-1,1,-1,-2,-6,-1,0
1558441610774384,-2,1,-4,-1,-9,-9,-3,-2
1558441610783360,3,2,0,3,9,9,5,0
1558441610783360,-6,-4,4,1,4,-2,3,2
1558441610796326,0,-2,-6,-3,1,-10,1,0
1558441610796326,-2,-1,5,1,-3,2,-4,-1
1558441610813279,1,-2,-7,-6,-9,-3,-7,-4
1558441610813279,-1,0,-5,-3,-2,5,-3,-3
1558441610820260,-3,-3,0,0,-4,-4,-5,-2
1558441610820260,0,0,0,1,2,-2,-2,-1
1558441610826272,1,1,3,2,3,-4,1,3
1558441610826272,2,1,0,1,1,1,3,3
1558441610834225,-1,-3,-2,3,1,3,2,-1
1558441610834225,-2,2,-3,-1,3,5,0,-1
1558441610843199,-3,-3,-1,-2,-2,-1,-3,-3
1558441610843199,-1,-3,-1,-2,-2,1,-2,-1
1558441610856165,-1,-2,0,-1,-5,-2,-4,-1
1558441610856165,-1,-1,-3,0,0,8,3,0
1558441610882097,1,4,4,2,5,-9,2,4
1558441610882097,1,-2,-2,0,2,-4,2,0
1558441610883094,-2,-1,-1,-1,2,1,1,-3
1558441610883094,-1,-3,-2,-2,1,7,-1,-1
1558441610887089,-3,-3,0,-1,0,7,-1,0
1558441610887089,1,0,-2,-1,-4,-7,-4,-2
1558441610894066,2,0,0,-2,0,-5,-5,-1
1558441610894066,4,3,-1,0,-4,-5,2,1
1558441610903080,-5,-5,0,-1,-1,-2,-3,-2
1558441610903080,-1,0,2,0,-2,-4,-1,-1
1558441610926082,-4,-5,-10,-3,0,-1,-2,-2
1558441610926082,0,2,2,1,-2,-6,2,2
1558441610926982,2,3,9,1,-4,-3,-4,-3
1558441610926982,-4,-6,-18,-9,-3,-3,-6,-3
1558441610947966,-1,1,4,2,2,0,2,-1
1558441610947966,-2,-2,-3,-1,0,-1,-2,-1
1558441610949916,-3,0,1,1,-3,-4,-1,0
1558441610949916,-2,-1,2,0,-4,0,0,-1
1558441610954127,2,-1,0,-1,-4,2,-2,-1
1558441610954127,-7,-6,-10,-6,-5,-3,-7,-2
1558441610962890,3,4,3,5,16,17,11,5
1558441610962890,3,2,-3,-2,1,-29,-1,2
1558441610976846,-2,1,0,-3,2,8,3,1
1558441610976846,0,-4,6,2,5,-1,3,-1
1558441610985819,-3,-7,-11,-6,-12,-9,-7,-4
1558441610985819,-3,-1,1,-2,-4,5,-4,-3
1558441611008798,3,4,5,1,-2,1,-1,0
1558441611008798,-8,-5,-6,-2,-1,1,-1,-2
1558441611009755,2,3,-3,-2,-4,-8,0,1
1558441611009755,1,-2,2,-2,-1,2,0,-1
1558441611023755,-4,-5,-5,-1,0,2,0,1
1558441611023755,4,1,3,2,3,1,-2,-1
1558441611024718,-3,-2,-1,-3,-3,-1,-5,-2
1558441611024718,-3,0,-1,1,2,8,1,-2
1558441611036896,-1,1,1,-2,-4,-5,-7,-3
1558441611036896,-3,-2,-2,-5,-11,-11,-4,-2
1558441611061885,3,0,1,2,9,2,10,2
1558441611061885,-1,0,7,2,4,0,2,0
1558441611062618,-3,-2,0,4,6,9,4,3
1558441611062618,-2,-1,3,1,4,-3,-2,-2
1558441611074817,-1,-6,-11,-9,-13,-13,-10,-5
1558441611074817,-2,-1,-1,-3,-6,10,-3,-4
1558441611083629,-1,-1,-1,0,0,-11,2,-1
1558441611083629,-1,0,0,-1,-4,-6,-2,-2
1558441611084560,1,1,3,0,0,-1,-1,1
1558441611084560,-4,-3,-2,-1,-1,6,0,-2
1558441611113691,-3,-2,-4,-2,-5,6,-7,-3
1558441611113691,0,2,1,4,-2,-11,0,2
1558441611114483,2,3,5,2,6,1,4,1
1558441611114483,1,4,2,2,4,-6,2,4
1558441611120663,-10,-9,-8,-2,1,-3,-1,-2
1558441611120663,-1,-2,-5,-2,1,5,2,-1
1558441611127479,-4,-5,-5,-2,-7,1,-5,-5
1558441611127479,-3,-1,-3,-3,-5,-5,-4,-3
1558441611143595,1,1,4,-2,-3,2,-3,-3
1558441611143595,0,2,-1,-1,0,-3,0,1
1558441611144397,-3,-3,0,2,1,3,0,0
1558441611144397,0,-1,-1,0,-1,8,1,0
1558441611157432,1,3,0,-2,0,-10,-3,2
1558441611157432,0,-2,-3,-1,-2,-1,-1,-3
1558441611165342,-2,0,5,0,-2,-4,-6,-2
1558441611165342,2,-1,-5,-1,4,-8,2,1
1558441611180300,1,0,-3,-1,-1,1,-2,-3
1558441611180300,-2,-1,0,-1,0,8,2,0
1558441611194273,-4,-2,-4,-3,-4,-3,0,0
1558441611194273,-4,-7,-2,1,-2,-4,-3,-2
1558441611203567,-2,-1,1,-1,-3,-6,-1,-2
1558441611203567,-1,-2,-2,-2,-1,-1,-5,-3
1558441611204236,-1,0,-3,-2,-4,4,-4,-5
1558441611204236,0,1,-1,-1,0,-3,0,-2
1558441611217201,4,-2,0,1,1,2,7,3
1558441611217201,0,2,-4,0,-1,-4,1,1
1558441611225596,-3,-2,1,1,8,9,6,3
1558441611225596,-1,-2,-1,-3,-5,-7,-7,-3
1558441611240543,0,0,1,-2,-1,-2,-5,-2
1558441611240543,1,2,0,-1,-3,-1,-2,-1
1558441611254492,-3,-1,-2,-2,-5,-8,-7,-2
1558441611254492,-2,-1,1,1,-1,2,0,0
1558441611263111,-2,1,-2,-3,-5,2,-3,-3
1558441611263111,-2,-3,-1,-1,-1,7,1,0
1558441611269062,2,4,5,4,12,-18,10,6
1558441611269062,1,-3,-1,-2,-1,-4,-2,-2
1558441611277039,-2,-1,-1,-2,0,5,4,0
1558441611277039,-2,-5,-7,0,-1,-3,-5,0
1558441611286016,-5,-6,-5,-6,-8,8,-8,-7
1558441611286016,2,2,-1,-1,-2,0,-1,-1
1558441611299977,-1,-2,-4,-2,-5,-11,-3,-1
1558441611299977,0,0,-2,-2,0,-3,0,0
1558441611306959,-8,-7,2,-1,2,1,0,0
1558441611306959,-2,-2,1,-1,-3,-1,-2,0
1558441611322915,0,1,-1,0,4,12,2,-1
1558441611322915,-3,-5,-2,-4,-5,-3,-2,-1
1558441611324910,2,1,0,-1,-5,-11,-2,-2
1558441611324910,-3,-3,-3,-1,5,11,3,1
1558441611336941,1,-1,3,0,1,-5,0,2
1558441611336941,-3,-3,-7,-1,2,2,-1,-1
1558441611345856,3,1,-3,-2,-6,-8,-5,-1
1558441611345856,-2,0,3,0,-3,2,3,0
1558441611360858,1,2,2,0,5,-3,2,0
1558441611360858,2,4,9,2,4,6,0,1
1558441611367239,-4,-4,-4,-5,-8,0,-5,-3
1558441611367239,-2,-3,-8,-5,-5,0,-2,-1
1558441611382757,-1,-3,-8,0,-2,-7,1,0
1558441611382757,1,1,2,1,5,7,3,0
1558441611384785,2,0,0,3,7,2,4,1
1558441611384785,3,2,8,0,-3,3,-5,-3
1558441611396718,2,4,0,-3,-7,-8,-3,-3
1558441611396718,-8,-6,-9,-6,0,-4,-2,-2
1558441611405696,0,-3,-7,-3,-6,5,-5,-4
1558441611405696,-2,-4,-3,-1,4,8,0,-1
1558441611420167,1,0,3,2,4,-4,2,2
1558441611420167,5,5,5,2,-1,-10,6,1
1558441611427151,-1,1,-1,0,4,3,0,-1
1558441611427151,-3,-4,-8,-2,-4,-6,-4,-2
1558441611444052,-5,-2,6,-2,-5,1,-7,-3
1558441611444052,-1,-3,-12,-7,-6,-5,0,-3
1558441611444592,1,1,0,-1,-1,2,1,0
1558441611444592,0,2,1,1,7,11,5,0
1558441611457556,-5,-3,-2,0,0,4,-3,-2
1558441611457556,-1,-1,3,-1,-10,-6,-10,-5
1558441611465535,1,1,1,-2,-2,-12,-1,0
1558441611465535,0,0,-2,0,5,-9,1,2
1558441611480721,2,1,-1,-3,-2,-2,1,1
1558441611480721,-7,-7,-2,0,-1,8,1,-2
1558441611494807,-1,0,1,-1,0,5,-3,-2
1558441611494807,-4,0,0,-3,-3,-8,-3,0
1558441611503776,0,-1,-4,-1,-3,1,-5,-1
1558441611503776,3,2,3,1,3,-5,-3,1
1558441611504433,-2,-2,-2,-1,0,-4,3,0
1558441611504433,3,2,3,2,3,8,0,0
1558441611516405,-2,1,-1,-2,-3,-3,0,-1
1558441611516405,-2,-1,-3,-5,-2,7,0,-4
1558441611525662,-1,-2,4,2,2,1,-1,1
1558441611525662,-2,-4,-6,-4,-6,-11,-5,-3
1558441611540480,0,-2,-4,-1,5,4,2,0
1558441611540480,-1,-2,-2,-1,-2,-2,-2,-1
1558441611547462,0,1,0,-3,0,1,-2,-3
1558441611547462,-2,-3,-4,-2,-7,5,-3,-1
1558441611563536,-2,-4,-2,-1,-3,-2,-3,-3
1558441611563536,2,3,5,3,0,-17,3,2
1558441611564272,1,1,0,0,1,-3,3,-1
1558441611564272,0,3,0,-3,-1,-8,0,0
1558441611576242,-3,-5,0,-4,-1,-2,-1,-2
1558441611576242,1,1,1,2,-6,3,-2,1
1558441611585215,2,0,-6,-4,-8,-2,-5,-3
1558441611585215,-4,-5,-4,-1,5,8,6,1
1558441611600175,1,-1,-3,-1,-4,-9,-2,-2
1558441611600175,-1,-3,4,0,0,-3,-4,-1
1558441611607156,0,1,3,-1,0,2,4,2
1558441611607156,-1,1,-3,0,0,-5,-3,0
1558441611623494,-3,-2,0,0,-2,-2,-1,-2
1558441611623494,-2,-4,-8,-5,-8,-3,-4,-4
1558441611624520,-1,-1,-2,0,3,4,-3,0
1558441611624520,-3,-2,3,0,2,9,5,0
1558441611637418,1,1,-3,1,-1,-9,-2,2
1558441611637418,0,1,1,2,3,4,5,2
1558441611646054,-2,-2,-2,0,-3,1,-2,-1
1558441611646054,0,2,3,0,-4,-6,-3,0
1558441611660287,0,-1,-2,0,2,2,-3,-1
1558441611660287,-4,-2,1,-3,-1,-1,-2,-4
1558441611667352,1,1,2,-1,-1,1,1,-2
1558441611667352,3,1,-1,0,-3,5,-1,-4
1558441611683957,-10,-12,-8,-5,-9,-8,-8,-5
1558441611683957,1,2,2,2,12,17,9,2
1558441611684950,2,4,6,3,8,-8,5,5
1558441611684950,-1,-2,-2,-2,-6,-21,-4,-2
1558441611697273,0,-1,-4,-2,-2,3,-1,-2
1558441611697273,-2,1,-4,-2,0,-3,-5,0
1558441611705894,-1,-2,1,-1,-2,4,2,-2
1558441611705894,-1,-1,4,-1,-3,-1,-3,-2
1558441611719859,0,0,-2,-3,-2,5,6,-1
1558441611719859,-2,-1,-4,-2,-3,-7,-1,1
1558441611727181,-1,-5,-8,-5,-3,-1,-4,-2
1558441611727181,-1,4,0,1,-2,-3,-1,0
1558441611743884,0,-3,0,0,-1,3,1,-1
1558441611743884,-1,2,3,2,-1,-6,-2,-2
1558441611744790,-4,-2,-3,1,2,-5,-1,0
1558441611744790,0,0,2,-2,0,-5,-1,0
1558441611757037,1,3,5,2,1,3,-1,-2
1558441611757037,-1,-2,-5,-3,-2,5,3,-2
1558441611781690,-3,-5,0,1,-3,-4,-2,-2
1558441611781690,-3,-3,-11,-5,-9,-5,-2,-1
1558441611782691,0,2,5,3,6,-1,3,3
1558441611782691,0,-1,0,-1,-1,-5,-3,0
1558441611786677,0,-1,-2,0,-1,-1,-3,0
1558441611786677,-2,-4,0,-1,4,9,3,0
1558441611842782,0,-2,-3,-2,-7,-4,-4,-3
1558441611842782,0,0,-1,0,0,2,-4,-3
1558441611843525,0,0,0,-1,1,5,2,1
1558441611843525,3,1,3,0,0,-9,1,2
1558441611844522,0,0,-3,0,1,-5,1,1
1558441611844522,-1,-2,4,1,1,6,3,0
1558441611849509,-2,0,-6,-3,-3,-9,-2,-1
1558441611849509,-3,-3,-4,-2,-4,7,-5,-4
1558441611850506,3,3,1,-1,-2,3,-3,-1
1558441611850506,-1,-2,0,0,-4,-8,-2,-1
1558441611851719,-2,-3,-1,1,1,3,2,0
1558441611851719,2,3,3,1,2,0,6,0
1558441611895696,-2,-4,-1,-1,1,-4,-2,-2
1558441611895696,0,1,3,1,0,5,-1,-1
1558441611896384,-5,-3,-3,-3,-8,-2,-6,-4
1558441611896384,-3,-2,-5,-2,0,-2,1,0
1558441611897381,-2,0,-4,-3,-5,-7,-4,0
1558441611897381,-1,-2,0,0,4,-2,4,2
1558441611902396,0,2,-2,0,-2,-10,-5,-1
1558441611902396,0,-2,-1,0,1,8,0,-2
1558441611902396,-4,-2,2,-2,0,1,-4,-4
1558441611902396,-1,-1,-3,-4,2,6,0,0
1558441611923610,-2,-2,-1,-2,-6,-3,0,-2
1558441611923610,0,-2,1,1,2,0,0,0
1558441611923610,-2,-1,-3,-3,0,0,2,-1
1558441611923610,-3,-3,-5,-5,-10,-10,-10,-3
1558441611936616,-2,-1,-4,-2,-5,7,-6,-3
1558441611936616,0,0,-1,1,9,9,7,3
1558441611946575,2,0,2,1,1,-11,1,2
1558441611946575,0,1,-1,0,1,2,1,-2
1558441611952420,-2,-2,-1,0,-4,1,-2,-2
1558441611952420,-4,-4,-4,-3,-11,-1,-10,-6
1558441611991132,0,-2,-4,-4,-6,2,1,-2
1558441611991132,-1,-1,3,2,7,-1,2,3
1558441612000105,2,1,-5,-3,3,-8,2,-1
1558441612000105,-1,-2,1,-2,-3,-7,-5,-5
1558441612001102,1,-1,1,1,-3,-4,0,-1
1558441612001102,1,0,-2,-1,0,-5,0,1
1558441612006089,1,1,3,0,0,4,0,-1
1558441612006089,-3,-3,-2,-2,-2,-2,-2,-2
1558441612007087,-2,-2,-3,-1,-1,-5,-5,-1
1558441612007087,0,-2,-3,-4,-9,-5,-6,-4
1558441612008086,0,1,2,2,3,7,1,0
1558441612008086,-2,-4,-6,-3,-3,2,-2,-4
1558441612052486,-1,0,2,1,10,7,7,5
1558441612052486,1,1,1,1,2,-4,1,1
1558441612052964,-2,-3,-2,-3,-1,3,-1,-2
1558441612052964,0,0,1,3,-1,-9,0,0
1558441612055094,-4,-2,-1,-3,-1,0,-2,-4
1558441612055094,-4,-4,-4,-4,-4,-2,-3,-3
1558441612057951,-2,-3,-6,-1,-5,1,0,-2
1558441612057951,1,2,1,0,0,-7,-1,1
1558441612065937,2,-1,-1,-1,2,6,3,-2
1558441612065937,0,-2,-3,-3,-2,1,0,-2
1558441612066927,-5,-4,-3,-4,-8,3,-6,-5
1558441612066927,-2,-4,-3,-2,0,1,-2,0
1558441612105049,-1,-1,0,1,-1,-3,-3,1
1558441612105049,1,0,2,2,2,-10,1,1
1558441612105823,-1,-2,1,-2,6,7,5,3
1558441612105823,-1,-1,-1,-1,-3,-1,-5,-2
1558441612106822,-3,-2,-4,-2,-2,3,-3,-3
1558441612106822,-3,-3,-3,-2,-3,7,-4,-2
1558441612110809,-1,1,3,1,4,-8,1,0
1558441612110809,1,0,1,0,1,-1,2,-1
1558441612126124,-4,-6,-6,-3,-9,-3,-6,-5
1558441612126124,1,1,0,-2,2,-6,2,-2
1558441612127036,-1,0,-2,-1,2,-5,1,2
1558441612127036,-2,0,0,-2,-2,1,-1,-1
1558441612155993,1,0,4,1,0,3,1,1
1558441612155993,0,-3,-9,-4,-9,-2,-4,-3
1558441612157685,-2,-2,-3,-3,-5,-7,-2,-4
1558441612157685,-1,1,2,0,3,7,2,1
1558441612162992,2,0,0,-1,0,-7,-5,1
1558441612162992,-2,-2,-1,-1,0,-1,0,0
1558441612169964,0,-1,-1,1,-1,-1,-1,-1
1558441612169964,-2,-1,-4,-3,-5,-1,-2,-4
1558441612216529,2,0,0,1,3,7,5,-2
1558441612216529,0,-3,0,-1,-3,-13,-5,-2
1558441612218521,0,-2,1,-1,-4,4,-5,-1
1558441612218521,-3,0,-5,-4,-7,-6,-2,-3
1558441612219518,-2,0,-3,-2,7,2,4,2
1558441612219518,-1,0,1,1,-1,-3,-2,-3
1558441612224505,1,-2,-4,-2,-1,-7,0,0
1558441612224505,1,-1,3,0,0,-8,-4,0
1558441612225502,-1,-1,-1,-1,-6,2,-2,-1
1558441612225502,-3,0,-2,-1,1,5,0,0
1558441612229490,0,0,1,1,2,-1,-2,-1
1558441612229490,0,0,-1,-3,-4,-2,-5,-2
1558441612246446,-4,-1,0,2,6,2,8,3
1558441612246446,1,-2,-2,-2,2,2,0,-3
1558441612276724,-2,-3,-1,-3,-5,1,-1,-3
1558441612276724,-1,-2,-3,1,4,0,2,1
1558441612277713,0,0,0,-1,-5,-12,-5,0
1558441612277713,-1,1,1,2,2,5,0,-1
1558441612278362,-2,-2,-3,-3,-2,5,-4,-3
1558441612278362,-3,-3,-1,-3,-4,4,-1,-2
1558441612282349,2,0,0,-2,4,-5,1,1
1558441612282349,4,5,1,2,1,-17,6,3
1558441612289662,-5,-2,-6,-4,-3,-7,-3,-3
1558441612289662,-1,-1,2,3,3,8,4,-1
1558441612337204,-3,-5,-4,-4,-4,8,-6,-5
1558441612337204,0,-3,-8,-8,-11,5,-4,-2
1558441612339229,2,4,0,-1,2,5,3,-1
1558441612339229,0,-1,2,2,9,7,2,2
1558441612339229,2,1,3,0,-5,-8,-5,0
1558441612339229,-3,-3,0,1,-1,-7,-4,-2
1558441612344184,2,4,0,0,2,-1,0,1
1558441612344184,-3,-3,-4,-4,-4,-1,-3,-2
1558441612345183,-3,-1,-1,0,4,8,4,-1
1558441612345183,-3,-5,-1,-1,-3,3,-2,-3
1558441612349171,-3,-2,2,0,-4,-7,-3,0
1558441612349171,4,3,-7,-6,-2,-13,-2,-1
1558441612365128,-7,-6,-1,-3,-5,1,-2,-4
1558441612365128,-1,0,-6,-2,-4,-7,-2,-1
1558441612367123,-1,-1,-2,2,5,2,2,1
1558441612367123,-1,-4,2,0,-3,0,-4,-3
1558441612379090,-1,1,-1,-1,-5,-1,-1,-2
1558441612379090,-4,-2,1,-1,-1,9,-2,-3
1558441612388069,-1,0,5,2,-1,-2,2,-1
1558441612388069,-1,0,-2,-1,2,-2,1,2
1558441612403064,1,-1,-3,-2,-6,-7,-4,-3
1558441612403064,1,1,3,-1,3,7,0,-1
1558441612442922,-1,-2,0,-1,-1,-13,-2,-2
1558441612442922,-1,0,-1,1,3,10,3,0
1558441612444266,-1,0,-2,0,-3,4,-4,-2
1558441612444266,2,2,5,3,2,-2,1,2
1558441612448906,-1,-6,-3,-2,2,2,0,1
1558441612448906,-2,-3,-2,-2,-3,-5,-2,-2
1558441612449916,1,1,1,-1,3,7,2,2
1558441612449916,1,1,-8,0,1,-5,-3,-3
1558441612451901,-10,-7,0,1,-4,4,-4,-5
1558441612451901,1,-1,1,4,1,2,3,1
1558441612464367,1,1,3,1,7,-3,2,1
1558441612464367,1,-1,2,-3,-7,-5,-3,0
1558441612470849,-1,-2,-6,-3,-2,3,-1,-1
1558441612470849,0,2,-2,-2,-7,-6,-3,-1
1558441612493825,-2,-1,-4,-1,0,-2,-1,-2
1558441612493825,-4,1,3,2,7,-1,2,1
1558441612494783,-2,-3,-1,-2,-1,-2,-2,-3
1558441612494783,-5,-5,0,0,-8,-6,-4,-4
1558441612498773,5,5,-1,0,6,2,2,2
1558441612498773,-2,-2,1,0,-2,-2,-2,-1
1558441612508116,1,3,2,-2,-5,-3,-4,-1
1558441612508116,-1,-2,-12,-6,-5,-4,-4,-4
1558441612524066,-2,-2,-3,-2,-4,0,-3,-2
1558441612524066,-3,-3,-1,-1,2,7,2,-1
1558441612554624,-1,-1,3,-1,-7,-10,-1,0
1558441612554624,3,5,6,2,5,-3,4,3
1558441612555619,-4,-3,-6,-1,1,1,-1,-3
1558441612555619,-2,1,-4,-3,-5,-1,-3,1
1558441612560639,1,2,0,-1,4,10,1,1
1558441612560639,-2,-2,-1,-3,-5,-10,-4,-2
1558441612560639,-1,-1,1,-1,-3,-1,-4,-2
1558441612560639,-1,-1,5,1,6,8,4,0
1558441612567620,-2,-4,-5,-3,-4,-4,-1,-1
1558441612567620,-1,-1,-4,-1,2,2,-3,-3
1558441612591524,-1,-1,2,1,0,-8,0,1
1558441612591524,-1,-1,3,-3,-2,0,1,1
1558441612605485,1,1,-5,-2,0,-1,0,-1
1558441612605485,-2,0,-1,0,0,-2,-3,-2
1558441612606482,-1,-2,-5,-3,-7,-6,-3,-2
1558441612606482,-2,-5,0,0,-1,-5,0,1
1558441612613466,4,0,-1,2,0,2,0,0
1558441612613466,-10,-8,0,-1,-1,-8,-5,-2
1558441612619479,1,4,2,-5,-1,4,0,-2
1558441612619479,2,-1,-2,0,1,-10,4,1
1558441612628425,-3,-3,-1,-2,1,6,-2,-2
1558441612628425,-1,-3,-2,0,-1,9,4,-1
1558441612657706,0,-1,1,-2,-4,-8,-5,-1
1558441612657706,-2,-3,-4,-2,-1,-4,-4,-1
1558441612666325,2,2,-2,-2,-5,-4,-4,-2
1558441612666325,1,0,3,0,2,-2,-1,2
1558441612667686,-4,-4,-7,-3,-4,3,0,-2
1558441612667686,2,1,-4,-2,-5,-1,-3,-2
1558441612668320,-3,-3,-1,1,0,-2,2,1
1558441612668320,3,1,-2,-2,3,2,0,-1
1558441612679631,-1,0,1,2,-1,-3,-1,-2
1558441612679631,-5,-5,-5,-4,0,2,-1,-3
1558441612718190,-2,0,-1,-3,-1,-6,-3,0
1558441612718190,-1,-1,-1,-3,-3,1,0,0
1558441612719181,0,-2,1,0,-1,-6,-2,-1
1558441612719181,1,0,1,0,-2,-2,-3,-2
1558441612721206,0,1,1,-1,6,7,3,0
1558441612721206,1,0,4,2,1,-1,1,2
1558441612725484,0,1,-3,-1,-4,-9,-1,3
1558441612725484,-3,1,-3,-3,-4,-1,-2,-2
1558441612732147,0,-1,0,-2,0,4,0,-2
1558441612732147,1,-1,-1,0,5,-1,1,1
1558441612739164,-1,-4,0,-1,1,-1,-1,0
1558441612739164,-1,-2,-5,0,-7,-6,-5,-2
1558441612748106,-1,0,-3,0,-5,-5,-3,-3
1558441612748106,0,1,-3,1,2,5,-2,-1
1558441612771102,-3,-2,0,-1,0,3,2,-1
1558441612771102,0,1,1,-2,1,5,0,-1
1558441612777319,-1,-2,-4,-4,-9,-7,-8,-5
1558441612777319,3,1,2,-1,-1,-2,1,3
1558441612785296,-2,0,0,-1,2,0,0,0
1558441612785296,-5,-3,-2,-1,-2,-3,-4,-3
1558441612792275,-2,-1,1,0,-4,3,1,1
1558441612792275,-2,-1,-1,-3,-7,-11,-4,-2
1558441612831881,1,-1,-1,1,1,2,-1,-2
1558441612831881,3,2,9,4,12,18,8,5
1558441612832877,0,1,-1,-1,3,-7,3,2
1558441612832877,-4,-3,-10,-4,-5,2,-2,-2
1558441612833875,-1,-3,0,-1,-5,-3,-4,-2
1558441612833875,1,-4,-3,0,-3,-9,-7,-3
1558441612838190,-1,0,1,-1,3,9,3,-1
1558441612838190,0,-2,0,-1,-2,-3,0,-1
1558441612845153,-1,1,-3,-3,-2,0,-2,-2
1558441612845153,-2,-2,-3,-1,-6,-3,-3,-4
1558441612869078,5,3,4,5,14,0,5,5
1558441612869078,-3,-1,-2,-1,2,1,2,-1
1558441612869780,-2,-2,-2,-2,-3,1,-5,-4
1558441612869780,-2,-2,-3,-4,-6,1,-2,-2
1558441612870921,-2,-1,-2,-1,-7,-10,-6,-5
1558441612870921,3,1,-1,-2,1,4,0,1
1558441612882745,1,2,2,1,2,4,3,0
1558441612882745,-2,1,0,-1,-1,-3,0,2
1558441612890006,0,-4,-7,-2,-3,-6,-3,-2
1558441612890006,-1,-3,-1,-1,-4,0,-3,-3
1558441612905726,2,0,-4,-3,-3,-4,-5,-1
1558441612905726,-2,1,-2,-3,2,3,2,0
1558441612912976,0,5,0,-2,0,-2,1,1
1558441612912976,2,0,4,2,1,-3,3,2
1558441612935926,-5,-1,0,0,-2,3,-2,-4
1558441612935926,-2,-3,-5,-4,-2,-5,-1,-2
1558441612936601,-3,-5,-1,0,-1,-3,-2,-2
1558441612936601,0,0,-4,-1,-3,-1,-4,-4
1558441612942929,0,-3,-1,-1,1,3,3,0
1558441612942929,1,2,2,1,3,-4,0,1
1558441612949576,-5,-1,-1,-3,-5,-2,-3,-1
1558441612949576,-3,-2,-2,-3,-1,4,0,-2
1558441612964554,-2,-2,-4,-2,-4,-7,-3,-1
1558441612964554,2,0,-1,1,2,4,2,-1
1558441612988753,0,0,8,1,6,14,5,0
1558441612988753,-2,-2,-14,-3,-4,-7,-3,0
1558441612989460,-3,-2,1,-1,2,-3,0,-1
1558441612989460,0,-2,-2,-3,-3,-9,-4,-5
1558441612991693,2,1,-1,-1,-3,-1,1,1
1558441612991693,-1,-3,4,2,2,-3,-1,-1
1558441613002729,-2,0,-1,-2,-2,-3,-1,0
1558441613002729,-3,-3,-8,-4,-9,-3,-4,-3
1558441613009404,0,-4,-2,0,2,6,-2,-3
1558441613009404,1,4,4,1,6,7,2,1
1558441613024401,2,0,3,2,-1,-7,2,2
1558441613024401,-2,-3,-1,-3,-2,2,-1,1
1558441613031347,-3,0,-5,-4,-6,2,-6,-2
1558441613031347,-2,1,-1,-2,-5,-2,-2,-5
1558441613048304,2,1,2,1,5,-4,2,-1
1558441613048304,-1,1,0,0,-2,-4,-1,-1
1558441613049301,-3,-3,-4,-1,0,0,-1,-1
1558441613049301,0,0,1,-1,3,2,-1,-1
1558441613062586,0,-4,-1,-1,-4,0,-4,-2
1558441613062586,0,-2,3,0,1,-7,2,2
1558441613069558,-1,-2,-2,-4,2,-7,-2,1
1558441613069558,-2,-4,0,-2,-6,-8,-5,-1
1558441613085512,-3,-3,-5,-1,-1,12,2,0
1558441613085512,2,1,2,-1,-2,-8,-8,-2
1558441613091515,0,0,1,3,8,13,7,2
1558441613091515,-1,0,2,3,-3,2,-1,-2
1558441613108471,0,-2,-7,-5,1,0,0,-2
1558441613108471,-2,-1,-7,-6,0,1,-1,0
1558441613110178,-3,-2,-3,-3,-11,-4,-5,-4
1558441613110178,0,0,2,-1,0,-8,-6,0
1558441613123144,-1,0,3,2,1,-7,-1,2
1558441613123144,3,0,4,0,-1,-6,0,-2
1558441613129420,-3,-3,-1,-1,-2,-11,-1,-2
1558441613129420,-1,0,1,-1,2,18,3,-1
1558441613145336,1,0,1,-1,-4,3,-4,-4
1558441613145336,1,2,-1,2,6,-2,4,1
1558441613152313,2,-2,-1,-1,-3,-9,-1,1
1558441613152313,-5,-5,-4,-3,-4,-1,-1,-1
1558441613168263,-4,0,-3,-4,-4,-3,-5,-2
1558441613168263,-2,-1,-2,3,11,21,11,2
1558441613168980,-2,0,2,-2,-4,-12,-4,-1
1558441613168980,-3,-1,-2,-2,0,5,0,-2
1558441613182941,0,-2,0,0,0,7,2,0
1558441613182941,-4,-4,-4,-5,-3,-8,-6,-2
1558441613189956,-2,-1,1,-1,-1,6,-2,-1
1558441613189956,2,2,-1,-4,-1,-13,-1,0
1558441613204885,-1,-1,-1,-2,-1,-10,-5,-1
1558441613204885,-2,-3,0,1,0,4,-2,1
1558441613211863,-1,0,0,3,5,7,3,-3
1558441613211863,-4,-7,-3,-1,-2,3,-1,-4
1558441613228144,1,-2,-5,-1,-1,0,-2,-2
1558441613228144,0,-1,-1,-1,-3,-9,-3,-1
1558441613229817,0,2,4,0,3,1,2,3
1558441613229817,-1,0,-5,-3,-4,-6,-1,-2
1558441613243002,-4,-5,-3,-4,-5,0,-2,-2
1558441613243002,1,1,0,-3,-2,8,-1,-2
1558441613248765,-1,-1,-3,-1,0,-3,-1,-2
1558441613248765,1,1,4,0,3,-1,-1,0
1558441613264724,-2,2,2,2,0,-7,-1,0
1558441613264724,-3,-3,-5,-2,-5,-2,-1,-2
1558441613272062,-2,-1,-2,-4,-11,0,-4,-5
1558441613272062,3,2,0,1,2,-12,-1,2
1558441613288794,-4,-2,-1,1,10,14,6,2
1558441613288794,-2,-2,-2,-2,-7,-2,-4,-2
1558441613289657,0,0,0,-1,3,-4,1,3
1558441613289657,-4,-3,-3,-3,0,3,-2,-2
1558441613302991,0,-1,-2,-2,-4,-8,-4,-1
1558441613302991,1,3,2,0,1,5,1,-1
1558441613309970,-4,-6,-4,0,0,5,0,0
1558441613309970,-1,2,-2,-1,-6,-9,-2,-3
1558441613325656,1,0,2,-3,-1,0,0,1
1558441613325656,-4,-1,-1,-2,-4,-9,-4,-1
1558441613331545,2,2,-2,0,-3,-4,-1,-1
1558441613331545,1,-2,1,1,4,11,1,-3
1558441613347740,-2,-4,-2,0,0,11,-1,-2
1558441613347740,1,0,3,3,8,-2,3,3
1558441613349496,-1,-1,-2,-3,-3,-15,-5,-2
1558441613349496,-6,-2,-3,-1,-6,-2,0,0
1558441613361791,1,2,2,-1,3,4,3,1
1558441613361791,-2,-3,-3,-4,-9,-2,-5,-5
1558441613370621,-2,-3,-3,-3,-1,1,-4,-2
1558441613370621,-1,-1,-1,0,1,7,4,-1
1558441613385588,-2,-3,-2,-2,0,-9,-3,-4
1558441613385588,-2,0,1,1,7,12,3,-2
1558441613391623,-3,-1,-2,-2,-7,-16,-3,-1
1558441613391623,-2,-2,-1,-2,-4,-11,-5,-1
1558441613408341,-2,-1,-2,-3,-9,-4,-4,0
1558441613408341,0,-2,-2,3,8,6,5,1
1558441613409336,1,-1,1,0,6,4,3,1
1558441613409336,0,-2,-2,0,-1,2,-1,-1
1558441613421305,2,0,-2,-1,-3,-1,0,-2
1558441613421305,-2,-2,-3,-2,-4,-4,-5,-2
1558441613430279,-2,-1,0,-2,-3,-4,-4,-4
1558441613430279,0,0,-2,-3,-4,-6,-2,-1
1558441613445238,-2,-1,-1,-1,2,1,2,-2
1558441613445238,1,2,1,-1,-3,-7,-2,1
1558441613451222,0,0,-2,-1,-2,-1,1,0
1558441613451222,0,-3,0,-2,0,-2,0,-2
1558441613468177,-2,0,-3,1,6,16,2,-1
1558441613468177,0,-2,9,2,-5,-2,-2,-1
1558441613469174,-2,-3,-14,-4,7,12,4,3
1558441613469174,-2,-2,-4,-1,-5,-17,-5,0
1558441613481143,0,-4,-4,-2,-6,-13,-5,-3
1558441613481143,1,-1,1,0,7,11,6,2
1558441613490493,0,-1,4,1,-5,2,-5,-2
1558441613490493,0,-3,-2,-1,-4,6,-3,-1
1558441613505080,-2,-2,0,1,0,1,-1,1
1558441613505080,0,-1,-1,-2,-3,-10,-2,0
1558441613512567,1,1,4,2,4,-2,3,2
1558441613512567,-2,0,0,-2,2,1,-2,-1
1558441613529015,0,0,-3,-3,-5,-1,-1,-2
1558441613529015,0,-1,-3,-3,-3,-11,-5,-2
1558441613530405,-1,-1,-4,-2,-4,1,-1,-3
1558441613530405,-1,-1,0,0,-2,-1,-1,-2
1558441613541925,-2,-1,0,-2,1,3,-1,-2
1558441613541925,0,0,-4,0,6,2,4,1
1558441613550936,1,-1,1,0,0,0,-2,1
1558441613550936,-1,1,3,0,1,4,-1,0
1558441613564896,0,-3,0,0,-5,-4,2,0
1558441613564896,-3,-2,-2,-2,-2,-4,-3,-3
1558441613572222,-2,-3,2,-2,-2,-5,-2,-4
1558441613572222,-3,-3,-4,0,-5,0,-3,-3
1558441613588003,-1,0,1,-1,4,3,1,1
1558441613588003,-1,-2,-2,-3,-5,4,-5,-2
1558441613589832,0,-2,-5,0,-3,3,0,-3
1558441613589832,2,-1,1,1,4,-2,3,2
1558441613602138,0,1,0,0,-3,-19,-4,1
1558441613602138,0,0,0,-1,1,4,0,1
1558441613617083,-1,-3,-2,-3,-2,6,-2,-2
1558441613617083,0,-1,-2,-3,1,0,0,-1
1558441613624736,-2,-1,0,1,-1,4,-2,-2
1558441613624736,-1,-1,-3,1,0,1,-1,-1
1558441613631719,-2,1,0,-2,-3,-10,-4,-2
1558441613631719,-2,-2,0,-1,-8,-7,-1,-2
1558441613647676,1,-1,0,1,8,4,3,1
1558441613647676,-2,-1,-2,-1,0,3,0,-1
1558441613654658,0,-1,-1,0,-3,-4,-2,-1
1558441613654658,0,0,-2,-2,1,4,-2,0
1558441613661638,-1,-1,-1,-1,-3,0,-3,-2
1558441613661638,-2,-1,0,0,-2,-8,1,-1
1558441613670615,-1,-1,1,-1,5,4,2,0
1558441613670615,-1,-1,-1,-1,-1,2,1,-1
1558441613685746,2,-1,-1,0,-1,9,0,1
1558441613685746,-2,-2,0,-1,-5,-12,1,0
1558441613699933,-2,2,2,-1,2,-6,-2,-1
1558441613699933,-1,-3,-1,-1,0,6,-1,-2
1558441613707952,0,0,0,-2,-5,-8,-3,-2
1558441613707952,0,0,-4,-3,3,-9,1,0
1558441613714498,-4,-1,-1,-1,-3,6,-2,-1
1558441613714498,0,1,3,1,0,2,0,-1
1558441613721479,-1,-3,-5,-5,-2,-2,-2,-3
1558441613721479,-1,-3,-3,-2,-4,5,-5,-1
1558441613730828,0,1,0,0,2,0,0,0
1558441613730828,-1,-1,-3,1,0,-5,0,0
1558441613745840,0,1,3,1,1,-5,3,3
1558441613745840,-2,-1,-3,-2,-3,-6,-4,1
1558441613751753,-1,-2,1,0,-2,5,0,1
1558441613751753,0,0,-1,-3,-5,-2,-4,-2
1558441613767705,0,-1,-1,-1,-6,-8,-7,-4
1558441613767705,0,0,1,2,6,7,4,-1
1558441613774692,-3,-5,-9,-5,-4,-2,-4,-4
1558441613774692,-2,-1,-1,-2,-2,-2,-2,0
1558441613781322,-3,-2,-1,-2,-2,-4,0,-2
1558441613781322,1,0,3,2,-1,6,0,0
1558441613790662,1,0,3,-1,0,1,-1,-3
1558441613790662,-2,-2,-6,-1,-2,-3,-2,1
1558441613805600,2,1,-2,3,15,9,9,4
1558441613805600,-4,-2,-2,-3,-4,-3,-7,-4
1558441613812538,-1,0,-2,0,-1,5,4,-2
1558441613812538,0,0,1,-1,-3,-9,-2,-1
1558441613827194,-2,-2,1,-3,-6,-1,-3,0
1558441613827194,2,0,-2,1,2,2,-1,0
1558441613834179,1,0,-2,-1,-2,-8,-2,1
1558441613834179,-2,-2,-1,-3,-3,3,-3,-4
1558441613858113,-1,-1,-3,-1,-5,2,-1,-2
1558441613858113,-3,0,-1,-2,0,-2,0,1
1558441613859110,0,-1,-3,-3,-5,-2,0,-1
1558441613859110,0,-1,1,2,8,-3,4,1
1558441613865096,-2,-2,-4,-1,-2,-3,-5,-3
1558441613865096,-1,-1,0,-2,-7,-2,-5,-3
1558441613872075,-1,-2,1,-2,-1,2,-1,0
1558441613872075,2,-2,-6,-4,-2,-4,-3,0
1558441613887475,3,-1,3,-2,0,-1,-1,-1
1558441613887475,-7,-8,-4,-6,-3,-1,-1,-4
1558441613894444,-1,1,1,0,1,-9,1,-1
1558441613894444,-1,-1,-1,1,0,4,4,-5
1558441613910972,-4,-2,0,-1,0,-4,-5,-2
1558441613910972,0,2,-2,-3,-1,0,3,0
1558441613912090,-2,-3,3,-2,0,-3,-4,-2
1558441613912090,-4,-3,-9,-1,2,9,4,0
1558441613925354,0,2,0,-1,-5,-6,-4,-4
1558441613925354,1,-1,-3,-2,-7,-3,-4,-4
1558441613947874,-1,0,2,2,5,0,5,4
1558441613947874,1,2,3,-3,0,-5,-3,0
1558441613948871,-4,-2,-2,-4,-5,-6,-3,-3
1558441613948871,1,1,1,0,2,7,2,2
1558441613954044,-2,-3,-1,2,3,-6,-3,-1
1558441613954044,-3,0,2,-1,-2,1,-1,-2
1558441613970816,-3,-1,-4,-2,-2,-4,-2,-3
1558441613970816,-2,-2,-3,-4,-8,-1,-5,-1
1558441613972806,0,0,-4,-1,-3,-2,-2,-1
1558441613972806,1,0,2,2,5,3,2,0
1558441613984776,-2,-2,2,0,2,0,1,0
1558441613984776,2,0,1,2,3,-7,-1,-2
1558441613991754,-2,-1,-4,-1,0,3,0,-2
1558441613991754,-2,-3,-2,-2,-6,-1,-7,-1
1558441614007711,1,1,0,-2,-3,-7,0,2
1558441614007711,-1,0,-3,0,0,9,1,1
1558441614013697,0,-3,-3,-2,-5,-4,-4,-4
1558441614013697,-1,0,3,2,6,8,3,0
1558441614030655,-2,-3,0,-1,-2,2,-1,-1
1558441614030655,1,2,1,2,1,-4,-1,1
1558441614036634,0,-1,-4,-2,5,8,-1,3
1558441614036634,-1,0,1,0,-6,-5,-3,0
1558441614045093,0,-4,-8,-1,2,3,-1,-2
1558441614045093,-1,0,3,0,0,-4,0,-3
1558441614051594,-2,0,-1,-2,-2,5,1,-2
1558441614051594,-1,-4,-3,-6,-6,-6,-4,-2
1558441614067943,-4,0,4,1,-8,-10,-3,-3
1558441614067943,-2,-2,-3,-1,-1,-11,-1,-1
1558441614074804,2,0,-3,-1,2,-14,1,-1
1558441614074804,-1,0,0,2,2,6,3,-1
1558441614090840,-1,3,1,0,4,5,0,-1
1558441614090840,-4,-3,-4,-6,-10,-4,-6,-5
1558441614092752,1,0,-1,-1,0,-7,-1,0
1558441614092752,-1,-1,-5,-2,4,2,0,1
1558441614104538,0,-1,0,-1,1,8,-2,-2
1558441614104538,-1,-1,-3,-2,-3,-3,-3,-2
1558441614111661,-2,0,0,3,-4,-7,-3,-2
1558441614111661,0,-2,0,0,-1,-3,-1,-1
1558441614127596,-2,-3,-4,-1,-3,0,0,0
1558441614127596,0,0,1,-1,3,5,3,0
1558441614134669,-2,-3,-1,0,-4,-2,-1,-3
1558441614134669,0,0,0,-2,-2,-6,-2,-2
1558441614150353,0,0,3,-1,2,-1,-1,0
1558441614150353,-1,-4,-5,-2,2,4,1,-2
1558441614152326,-1,1,3,-2,-2,2,-1,0
1558441614152326,2,1,0,2,3,0,1,-1
1558441614165292,-2,-3,-7,-4,-4,-9,-2,0
1558441614165292,-3,-2,-3,-1,-4,1,-3,-5
1558441614171276,1,2,3,2,3,-4,0,0
1558441614171276,-1,-1,0,-2,-4,-10,-3,0
1558441614187292,0,1,-1,-1,-1,4,0,0
1558441614187292,-2,-3,-2,0,0,8,1,0
1558441614201399,1,-2,-6,-2,0,-7,1,1
1558441614201399,-1,-2,1,0,-2,3,-2,0
1558441614210387,0,-1,-4,-1,-1,-5,0,-4
1558441614210387,1,-1,0,-2,-3,-1,-2,-3
1558441614212369,-1,-2,-1,-2,-3,8,-1,-1
1558441614212369,-3,-2,-1,1,3,10,3,-1
1558441614224707,-2,0,-1,-1,-1,-13,-1,2
1558441614224707,-3,1,1,0,1,-3,-1,1
1558441614231319,-2,0,1,-1,-3,0,-1,-3
1558441614231319,-1,0,-4,-3,-1,1,-2,-3
1558441614247534,0,-1,-1,1,-5,2,-3,-1
1558441614247534,0,-3,1,2,2,-10,1,0
1558441614254258,-2,-2,-2,-4,1,3,-1,1
1558441614254258,-3,0,-2,-2,-3,-3,-2,-4
1558441614270216,0,0,-2,-2,3,5,0,-3
1558441614270216,0,0,-1,-3,-4,-7,-4,1
1558441614272210,-1,-2,-2,-2,-1,4,-1,-2
1558441614272210,-1,-1,1,2,0,-2,0,2
1558441614285183,0,1,0,3,3,1,1,1
1558441614285183,-2,-2,-3,-3,-3,-2,-2,-2
1558441614291160,-2,-2,-3,-2,-5,-4,-2,-2
1558441614291160,-1,0,1,1,-2,-7,-1,-1
1558441614307403,0,0,-1,-2,-1,-2,-1,0
1558441614307403,2,0,1,0,2,4,0,1
1558441614314097,-2,-4,-4,-2,-3,-1,-2,-1
1558441614314097,1,-2,-3,-2,-1,-5,0,-1
1558441614330276,-2,-2,-1,-1,-1,7,1,-3
1558441614330276,-1,2,0,1,1,-3,-3,-2
1558441614332050,-3,1,1,-1,-3,-3,-2,-3
1558441614332050,-1,-1,-3,-3,-3,-2,0,-1
1558441614344016,1,2,1,-1,-1,3,1,1
1558441614344016,-2,-2,0,1,2,1,1,0
1558441614352994,-2,-1,-1,0,-2,-1,-2,-2
1558441614352994,-2,-1,-1,-1,-3,-3,-4,-2
1558441614367952,-2,-3,-1,-1,2,-3,0,0
1558441614367952,1,2,1,0,1,-2,1,-1
1558441614374120,1,-1,-3,-2,-3,0,-1,-1
1558441614374120,-1,-1,0,-2,-3,3,0,-2
1558441614390891,1,-3,-1,-2,-1,-1,-2,-1
1558441614390891,-1,-3,-4,-1,-1,2,-3,0
1558441614391890,0,0,1,3,-1,-2,0,2
1558441614391890,0,-1,-2,0,0,-2,-2,-1
1558441614404149,-2,-2,-2,0,-2,-1,0,-2
1558441614404149,0,-1,-1,-1,-3,-1,-1,-1
1558441614412847,-3,0,-2,-1,-2,3,-2,-2
1558441614412847,-2,-1,1,-1,1,-3,0,1
1558441614427969,-1,-2,-1,0,-1,-2,-1,1
1558441614427969,0,0,1,-2,-2,2,-2,0
1558441614433778,0,0,0,-2,2,2,1,0
1558441614433778,-1,-2,-4,-2,-4,-1,-1,1
1558441614450732,-2,-2,-2,-1,-1,-2,-3,-3
1558441614450732,-3,0,-3,-2,-3,0,-1,-2
1558441614451729,-3,-1,0,-2,4,3,3,-1
1558441614451729,-2,-1,0,-1,-3,-6,1,-2
1558441614472673,-1,0,-1,-1,-3,-5,2,1
1558441614472673,0,0,0,1,5,5,3,1
1558441614474682,1,0,-4,-3,0,-2,-1,0
1558441614474682,1,0,0,-1,1,7,-2,0
1558441614487646,-1,-2,-6,-4,-4,-2,-4,-1
1558441614487646,-1,1,-2,1,0,-3,-1,1
1558441614493618,0,-2,1,-1,-1,-3,-1,-2
1558441614493618,0,-3,-1,-1,-3,-1,-2,-3
1558441614510571,-1,-1,1,0,-1,4,-2,-2
1558441614510571,-3,-3,0,-4,-2,-4,-3,-3
1558441614511572,-1,1,1,2,1,3,3,1
1558441614511572,-1,0,-1,-1,-3,-6,-3,0
1558441614532515,-1,2,1,-2,1,-2,0,0
1558441614532515,0,-2,-2,-2,-3,0,-2,-2
1558441614534510,0,-2,-2,-1,-4,-3,-5,-5
1558441614534510,-3,-2,-2,-1,0,4,1,-2
1558441614547473,-3,-1,0,-1,-1,-1,0,0
1558441614547473,-1,-2,-3,-1,-5,-5,-4,-3
1558441614554455,-1,-2,-3,-1,-2,0,-3,-2
1558441614554455,-1,-1,-2,-2,0,-4,-1,-2
1558441614569415,-1,-1,1,1,3,3,1,-1
1558441614569415,-2,-2,-2,-1,-3,-1,1,-1
1558441614584377,0,-1,0,-2,-2,-2,-4,-1
1558441614584377,-2,-1,0,1,-1,0,1,0
1558441614585372,-2,-2,-2,-2,-3,-6,-2,1
1558441614585372,0,1,-1,-3,0,0,-4,-1
1558441614593351,-1,-1,0,-1,0,5,1,0
1558441614593351,-2,0,-1,-1,3,-1,1,-1
1558441614607312,-2,-2,-1,-1,-4,1,1,-1
1558441614607312,1,-2,0,-1,3,4,3,0
1558441614614296,-3,-1,-1,-3,-4,-1,1,-2
1558441614614296,-1,-2,-2,-2,-6,-4,-3,-2
1558441614630253,-2,-1,-1,0,2,-10,-3,1
1558441614630253,0,0,-1,-2,-2,-6,-4,-3
1558441614645213,-1,0,1,1,4,8,4,0
1558441614645213,-1,0,0,2,3,1,2,2
1558441614645213,-1,1,-1,-1,-7,-9,0,-1
1558441614645213,-4,-3,-6,-2,-4,-4,-2,0
1558441614653191,-2,-3,-2,-2,-4,-3,-6,-3
1558441614653191,0,-1,-4,-1,5,11,2,1
1558441614667182,2,0,3,4,11,8,2,0
1558441614667182,-2,-3,-4,-4,-4,-3,-4,-2
1558441614674374,-2,-2,1,-2,-6,-8,-3,-1
1558441614674374,0,2,4,2,-1,-12,3,0
1558441614690327,-3,-1,-5,-4,-5,3,-4,-4
1558441614690327,0,2,2,1,6,8,5,3
1558441614697159,-3,-2,-2,1,-2,-15,-5,-2
1558441614697159,-1,-1,0,-2,0,11,-2,-2
1558441614704230,3,2,4,2,-1,-7,3,1
1558441614704230,5,3,-1,1,4,4,0,1
1558441614713030,-11,-9,-3,-1,2,5,-1,-1
1558441614713030,-2,-3,-4,-6,-6,-13,-6,-2
1558441614726992,-2,-3,4,1,-1,6,0,-3
1558441614726992,-1,1,6,3,1,0,3,-1
1558441614733974,3,1,-10,-3,1,-2,1,1
1558441614733974,-2,-3,-3,-3,-7,-3,-5,-2
1558441614749931,-3,-6,-6,-3,-3,8,-8,-3
1558441614749931,0,2,6,3,1,-2,0,-1
1558441614757910,1,-1,-13,-4,-3,-1,-1,-1
1558441614757910,-1,-1,4,0,-4,4,0,-1
1558441614772870,0,2,5,1,8,-13,5,4
1558441614772870,2,3,-2,-2,0,1,1,-1
1558441614773867,2,2,1,-2,1,3,-1,1
1558441614773867,-4,-1,-7,-3,-3,1,-5,-2
1558441614786835,0,-2,1,-1,-2,7,0,-1
1558441614786835,-2,-3,-3,-3,-7,-13,-5,-2
1558441614793832,-1,2,5,3,-6,-2,-3,-2
1558441614793832,4,2,0,1,4,1,0,0
1558441614810064,-4,-3,-3,-4,-4,4,-2,-1
1558441614810064,-4,-3,-4,-1,-2,2,0,-1
1558441614816754,2,0,2,-1,2,-4,1,-1
1558441614816754,2,0,3,-2,2,-6,1,1
1558441614832710,-4,-4,-2,-1,-2,0,-4,-3
1558441614832710,-1,-4,-5,-3,2,6,0,-2
1558441614834707,0,-1,1,1,-4,-7,-1,0
1558441614834707,-4,-2,-1,-2,2,-5,1,-1
1558441614847670,-1,2,-4,-4,-2,1,-2,-1
1558441614847670,-4,-3,0,-2,-6,-1,-5,-3
1558441614861633,0,1,0,-1,6,3,2,1
1558441614861633,1,0,3,4,5,4,3,0
1558441614869611,0,-5,-11,-7,-4,-4,-3,-2
1558441614869611,-3,-5,-4,-3,-4,-1,-4,-1
1558441614876593,-2,0,1,-1,-2,-4,0,0
1558441614876593,0,-2,1,0,-3,-4,-3,-1
1558441614892550,-1,2,5,0,-3,-2,-3,-2
1558441614892550,2,-1,-2,1,4,9,4,-2
1558441614894545,-2,0,-3,-1,-1,3,0,-2
1558441614894545,0,2,-2,-3,1,0,1,1
1558441614907524,4,0,-4,-1,-1,5,-1,-2
1558441614907524,-2,1,7,3,5,-11,3,4
1558441614914490,0,-2,-5,-3,1,-1,-3,0
1558441614914490,-4,-5,-5,-1,-1,5,-3,-2
1558441614929452,2,1,1,0,-6,0,-3,-2
1558441614929452,-2,-2,-1,-2,-4,-4,-2,-2
1558441614936440,-1,0,1,-1,-3,-4,1,3
1558441614936440,1,0,1,-2,-2,-1,-3,-2
1558441614953389,-2,-3,-2,0,-1,-4,-4,-3
1558441614953389,-2,1,1,-1,5,8,2,0
1558441614954384,-1,-3,2,-2,2,2,3,1
1558441614954384,-1,-1,-2,-3,-5,-11,-7,-3
1558441614967350,-7,-2,-4,1,2,11,4,0
1558441614967350,1,1,6,1,1,2,0,-2
1558441614974333,0,0,-8,-4,-1,4,-3,-2
1558441614974333,-3,-3,0,2,-1,-5,1,2
1558441614989293,0,0,1,-1,3,-7,0,1
1558441614989293,0,-1,-5,-3,-4,-9,-7,-1
1558441614996276,-2,-1,6,1,-1,7,2,-1
1558441614996276,1,0,-5,0,1,-7,0,1
1558441615013228,-3,-1,-4,-3,-6,-1,-5,-3
1558441615013228,-1,-1,-3,1,-2,-4,2,2
1558441615014225,5,4,9,2,7,0,2,2
1558441615014225,-7,-8,-5,-4,-2,0,-3,-4
1558441615027191,-2,-2,-2,-2,2,-1,3,-1
1558441615027191,1,-2,-1,-3,-5,-2,-5,-2
1558441615034395,-1,1,-6,-1,-5,1,-2,-1
1558441615034395,-2,0,3,0,3,2,0,-2
1558441615050129,-3,-5,-9,-5,-5,-12,-3,-3
1558441615050129,1,0,4,0,1,8,2,0
1558441615056112,0,1,1,2,3,-1,0,1
1558441615056112,-3,-4,-12,-7,-11,-1,-4,-2
1558441615073066,-2,-3,-4,-2,-1,-10,-4,0
1558441615073066,2,1,-1,-1,4,5,5,2
1558441615074064,-1,-2,4,1,-1,-6,-2,-2
1558441615074064,-1,-4,1,-2,-5,2,-1,-1
1558441615095010,0,-1,-1,-3,-6,0,-1,-2
1558441615095010,1,1,-3,-2,-5,-3,-4,-3
1558441615097005,-13,-8,-1,-1,1,-4,-2,-2
1558441615097005,1,3,1,0,1,1,-1,-1
1558441615109967,0,-2,6,2,3,-3,5,0
1558441615109967,0,-1,-4,1,6,0,1,3
1558441615116949,1,0,6,2,-3,-3,-2,-3
1558441615116949,-4,-7,-13,-7,-4,-2,-3,-4
1558441615132918,-1,-1,0,0,-6,0,-1,-3
1558441615132918,-1,-1,1,0,2,5,0,0
1558441615134903,1,-4,-7,-5,1,-16,-1,-1
1558441615134903,4,4,5,2,7,0,1,1
1558441615146933,2,3,4,1,2,5,-2,1
1558441615146933,-5,0,1,-3,-9,-9,-7,-4
1558441615153852,-1,-3,-5,-3,-5,6,1,-2
1558441615153852,-3,-2,-4,-2,0,0,2,-2
1558441615169808,1,-1,0,-2,-1,1,-2,-2
1558441615169808,-1,-1,-1,-3,-4,-1,-4,-1
1558441615176790,3,3,2,1,3,2,2,2
1558441615176790,-6,-3,-1,0,-4,-11,-1,1
1558441615192748,3,4,12,3,5,1,0,1
1558441615192748,-1,-3,-12,-1,1,0,-2,-4
1558441615194745,-4,-6,-9,-6,-7,0,-6,-5
1558441615194745,2,4,7,1,1,10,4,2
1558441615207706,-3,-1,-6,-4,-4,-8,-1,0
1558441615207706,1,-1,4,1,2,-1,2,1
1558441615213887,1,-1,1,2,3,-3,-1,-1
1558441615213887,2,1,5,1,-1,-1,-3,-5
1558441615229819,-3,-3,-6,-4,-2,1,-1,-2
1558441615229819,-1,-4,-5,-2,-2,-1,2,1
1558441615243611,-1,2,-1,0,0,6,0,1
1558441615243611,2,0,3,1,0,-1,-1,-1
1558441615260568,1,1,-1,0,4,4,1,3
1558441615260568,-9,-8,-8,-5,-7,-7,-5,-4
1558441615276523,-1,0,-1,-2,-2,3,-4,-1
1558441615276523,0,1,2,0,-3,0,2,0
1558441615276523,-2,0,1,-1,0,1,-3,-3
1558441615276523,3,4,-5,3,7,5,5,1
1558441615278519,-9,-5,1,-2,-3,-18,0,-1
1558441615278519,1,1,-7,-4,-4,4,-2,-3
1558441615313424,-2,-4,3,2,2,7,1,1
1558441615313424,-2,0,2,-3,-5,-6,-4,-1
1558441615330380,2,0,-3,-1,-6,-1,-8,-4
1558441615330380,0,-1,-1,-2,2,-11,-1,2
1558441615330380,-3,-4,-7,-1,-1,-4,0,0
1558441615330380,-1,-2,2,0,-2,2,0,-3
1558441615336365,-1,-2,0,-2,-3,4,-3,-4
1558441615336365,-1,-4,-15,-8,-6,-6,-6,-3
1558441615337362,3,4,4,4,5,3,2,2
1558441615337362,-5,-2,2,3,3,-4,3,-1
1558441615338359,-2,3,10,2,-7,-4,-4,-1
1558441615338359,-3,-11,-16,-3,5,15,0,-3
1558441615365290,-5,-5,-2,-3,-7,-13,-5,-3
1558441615365290,1,2,0,1,4,2,7,3
1558441615367283,3,2,5,2,9,-4,4,4
1558441615367283,3,3,2,1,-3,2,1,-2
1558441615373270,-5,-6,1,-2,-5,2,-3,-2
1558441615373270,-5,-4,-4,-6,-11,-5,-9,-4
1558441615374265,2,2,5,1,3,-9,4,2
1558441615374265,-1,2,0,0,1,7,1,2
1558441615386237,4,3,-3,0,2,-2,2,1
1558441615386237,0,1,3,0,-3,-9,-1,1
1558441615395205,-1,-5,-7,-2,-4,6,-3,-1
1558441615395205,-2,1,10,3,2,4,-2,1
1558441615442086,-1,2,-3,-3,-4,-2,-3,-1
1558441615442086,-3,-5,-9,-2,-3,-2,-7,-3
1558441615443078,-3,-2,-10,-6,-4,5,0,-2
1558441615443078,0,3,5,1,-4,-7,1,0
1558441615444075,-1,-1,-2,3,8,2,6,1
1558441615444075,2,2,6,0,2,-9,-1,-1
1558441615449061,-3,-3,-4,-2,0,-6,-6,-4
1558441615449061,-1,-1,4,1,-2,8,0,-1
1558441615449061,5,2,-4,-6,-1,7,0,2
1558441615449061,-11,-7,-1,3,-1,-12,-3,-3
